Category,Frequency,Percentage,Mean of Performance
High JIT & Environmental,68,38.857142857142854,3.89624183006536
Mainly Environmental,27,15.428571428571427,3.767489711934157
Mainly JIT,47,26.857142857142858,3.5023640661938535
Low JIT & Environmental,33,18.857142857142858,3.328843995510662
