Item,Factor1 Loading,Factor2 Loading,Factor3 Loading,Factor4 Loading,Factor5 Loading,Communalities,Uniqueness,Factor
Formal M/WBE Supplier Purchase Program,0.6173197123744598,0.10238168367266204,0.12566477963036768,0.25946168006534304,0.05980780322489627,0.47825461002620206,0.5217453899737979,Factor 1
Purchasing from M/WBE Suppliers,0.6862759644405774,0.11401918545326485,-0.02401655231323551,0.2571076814502022,0.20069147577248544,0.5909332971137218,0.4090667028862782,Factor 1
Encouraging Supplier Environmental Improvement,0.6464526429254978,0.37448641492754137,0.18539501544219394,0.2730333625727169,0.07976299340739751,0.6734217584565283,0.3265782415434717,Factor 1
Supplier Involvement in Internal Process Redesign,0.6908021789821048,0.2262327649659947,0.08049280181262795,0.1476720530679051,0.14646644637802814,0.578127460746128,0.421872539253872,Factor 1
Co-development with Suppliers for Environmental Impact,0.7165551057707236,0.21118037403063508,0.16555641548337904,0.12782587466470574,0.14865645829605656,0.6238954935164411,0.37610450648355886,Factor 1
Outbound Transportation Improvements,0.6395746625064488,0.23370586814251257,0.030888191573168532,0.08555639912901104,0.20959300500025416,0.5158773872801033,0.48412261271989665,Factor 1
Inbound Transportation Improvements,0.6688716946687112,0.2314950165508621,0.034953194976697986,0.08470715488758943,0.19742161160808386,0.5483516072750398,0.45164839272496016,Factor 1
